{"playerdata":{"playerStats":[100,95,100,100,0],"PlayerPositionAndRotation":[54.76565933227539,0.2399999052286148,57.63908767700195,0.0,0.6218318343162537,0.0],"inventoryContent":["Grass","RedFruit","GreenFruit"],"quickSlotContent":[]},"environmentData":{"pickedUpItems":["Grass0001 (2)","RedFruit_model (2)","GreenFruit_model (3)"]}}